-- phpMyAdmin SQL Dump
-- version 5.0.1
-- https://www.phpmyadmin.net/
--
-- Φιλοξενητής: 127.0.0.1
-- Χρόνος δημιουργίας: 29 Ιουλ 2020 στις 15:11:26
-- Έκδοση διακομιστή: 10.4.11-MariaDB
-- Έκδοση PHP: 7.4.3

SET SQL_MODE = "NO_AUTO_VALUE_ON_ZERO";
SET AUTOCOMMIT = 0;
START TRANSACTION;
SET time_zone = "+00:00";


/*!40101 SET @OLD_CHARACTER_SET_CLIENT=@@CHARACTER_SET_CLIENT */;
/*!40101 SET @OLD_CHARACTER_SET_RESULTS=@@CHARACTER_SET_RESULTS */;
/*!40101 SET @OLD_COLLATION_CONNECTION=@@COLLATION_CONNECTION */;
/*!40101 SET NAMES utf8mb4 */;

--
-- Βάση δεδομένων: `internetappli`
--
CREATE DATABASE IF NOT EXISTS `internetappli` DEFAULT CHARACTER SET utf8mb4 COLLATE utf8mb4_general_ci;
USE `internetappli`;

-- --------------------------------------------------------

--
-- Δομή πίνακα για τον πίνακα `matches`
--

DROP TABLE IF EXISTS `matches`;
CREATE TABLE `matches` (
  `id` int(11) NOT NULL,
  `Home` varchar(30) NOT NULL,
  `Away` varchar(30) NOT NULL,
  `HomeGoals` int(11) NOT NULL,
  `AwayGoals` int(11) NOT NULL
) ENGINE=InnoDB DEFAULT CHARSET=utf8mb4;

--
-- Άδειασμα δεδομένων του πίνακα `matches`
--

INSERT INTO `matches` (`id`, `Home`, `Away`, `HomeGoals`, `AwayGoals`) VALUES
(1, 'Manchester United', 'Leicester City', 2, 1),
(2, 'Newcastle United', 'Tottenham Hotspur', 1, 2),
(3, 'AFC Bournemouth', 'Cardiff City', 2, 0),
(4, 'Watford', 'Brighton & Hove Albion', 2, 0),
(5, 'Fulham', 'Crystal Palace', 0, 2),
(6, 'Huddersfield Town', 'Chelsea', 0, 3),
(7, 'Wolverhampton Wanderers', 'Everton', 2, 2),
(8, 'Southampton', 'Burnley', 0, 0),
(9, 'Liverpool', 'West Ham United', 4, 0),
(10, 'Arsenal', 'Manchester City', 0, 2),
(11, 'Cardiff City', 'Newcastle United', 0, 0),
(12, 'Tottenham Hotspur', 'Fulham', 3, 1),
(13, 'Leicester City', 'Wolverhampton Wanderers', 2, 0),
(14, 'Everton', 'Southampton', 2, 1),
(15, 'West Ham United', 'AFC Bournemouth', 1, 2),
(16, 'Chelsea', 'Arsenal', 3, 2),
(17, 'Manchester City', 'Huddersfield Town', 6, 1),
(18, 'Burnley', 'Watford', 1, 3),
(19, 'Brighton & Hove Albion', 'Manchester United', 3, 2),
(20, 'Crystal Palace', 'Liverpool', 0, 2),
(21, 'Wolverhampton Wanderers', 'Manchester City', 1, 1),
(22, 'Huddersfield Town', 'Cardiff City', 0, 0),
(23, 'Arsenal', 'West Ham United', 3, 1),
(24, 'Southampton', 'Leicester City', 1, 2),
(25, 'AFC Bournemouth', 'Everton', 2, 2),
(26, 'Liverpool', 'Brighton & Hove Albion', 1, 0),
(27, 'Watford', 'Crystal Palace', 2, 1),
(28, 'Newcastle United', 'Chelsea', 1, 2),
(29, 'Fulham', 'Burnley', 4, 2),
(30, 'Manchester United', 'Tottenham Hotspur', 0, 3),
(31, 'Leicester City', 'Liverpool', 1, 2),
(32, 'Crystal Palace', 'Southampton', 0, 2),
(33, 'Everton', 'Huddersfield Town', 1, 1),
(34, 'Chelsea', 'AFC Bournemouth', 2, 0),
(35, 'West Ham United', 'Wolverhampton Wanderers', 0, 1),
(36, 'Brighton & Hove Albion', 'Fulham', 2, 2),
(37, 'Manchester City', 'Newcastle United', 2, 1),
(38, 'Cardiff City', 'Arsenal', 2, 3),
(39, 'Burnley', 'Manchester United', 0, 2),
(40, 'Watford', 'Tottenham Hotspur', 2, 1),
(41, 'Tottenham Hotspur', 'Liverpool', 1, 2),
(42, 'Manchester City', 'Fulham', 3, 0),
(43, 'AFC Bournemouth', 'Leicester City', 4, 2),
(44, 'Chelsea', 'Cardiff City', 4, 1),
(45, 'Newcastle United', 'Arsenal', 1, 2),
(46, 'Huddersfield Town', 'Crystal Palace', 0, 1),
(47, 'Watford', 'Manchester United', 1, 2),
(48, 'Wolverhampton Wanderers', 'Burnley', 1, 0),
(49, 'Everton', 'West Ham United', 1, 3),
(50, 'Southampton', 'Brighton & Hove Albion', 2, 2),
(51, 'Fulham', 'Watford', 1, 1),
(52, 'Leicester City', 'Huddersfield Town', 3, 1),
(53, 'Crystal Palace', 'Newcastle United', 0, 0),
(54, 'Burnley', 'AFC Bournemouth', 4, 0),
(55, 'Manchester United', 'Wolverhampton Wanderers', 1, 1),
(56, 'Liverpool', 'Southampton', 3, 0),
(57, 'Cardiff City', 'Manchester City', 0, 5),
(58, 'Brighton & Hove Albion', 'Tottenham Hotspur', 1, 2),
(59, 'West Ham United', 'Chelsea', 0, 0),
(60, 'Arsenal', 'Everton', 2, 0),
(61, 'West Ham United', 'Manchester United', 3, 1),
(62, 'Arsenal', 'Watford', 2, 0),
(63, 'Manchester City', 'Brighton & Hove Albion', 2, 0),
(64, 'Everton', 'Fulham', 3, 0),
(65, 'Newcastle United', 'Leicester City', 0, 2),
(66, 'Huddersfield Town', 'Tottenham Hotspur', 0, 2),
(67, 'Wolverhampton Wanderers', 'Southampton', 2, 0),
(68, 'Chelsea', 'Liverpool', 1, 1),
(69, 'Cardiff City', 'Burnley', 1, 2),
(70, 'AFC Bournemouth', 'Crystal Palace', 2, 1),
(71, 'Brighton & Hove Albion', 'West Ham United', 1, 0),
(72, 'Tottenham Hotspur', 'Cardiff City', 1, 0),
(73, 'Leicester City', 'Everton', 1, 2),
(74, 'Crystal Palace', 'Wolverhampton Wanderers', 0, 1),
(75, 'Burnley', 'Huddersfield Town', 1, 1),
(76, 'Watford', 'AFC Bournemouth', 0, 4),
(77, 'Manchester United', 'Newcastle United', 3, 2),
(78, 'Fulham', 'Arsenal', 1, 5),
(79, 'Southampton', 'Chelsea', 0, 3),
(80, 'Liverpool', 'Manchester City', 0, 0),
(81, 'Chelsea', 'Manchester United', 2, 2),
(82, 'Manchester City', 'Burnley', 5, 0),
(83, 'AFC Bournemouth', 'Southampton', 0, 0),
(84, 'West Ham United', 'Tottenham Hotspur', 0, 1),
(85, 'Newcastle United', 'Brighton & Hove Albion', 0, 1),
(86, 'Cardiff City', 'Fulham', 4, 2),
(87, 'Wolverhampton Wanderers', 'Watford', 0, 2),
(88, 'Huddersfield Town', 'Liverpool', 0, 1),
(89, 'Everton', 'Crystal Palace', 2, 0),
(90, 'Arsenal', 'Leicester City', 3, 1),
(91, 'Southampton', 'Newcastle United', 0, 0),
(92, 'Liverpool', 'Cardiff City', 4, 1),
(93, 'Watford', 'Huddersfield Town', 3, 0),
(94, 'Fulham', 'AFC Bournemouth', 0, 3),
(95, 'Brighton & Hove Albion', 'Wolverhampton Wanderers', 1, 0),
(96, 'Leicester City', 'West Ham United', 1, 1),
(97, 'Crystal Palace', 'Arsenal', 2, 2),
(98, 'Burnley', 'Chelsea', 0, 4),
(99, 'Manchester United', 'Everton', 2, 1),
(100, 'Tottenham Hotspur', 'Manchester City', 0, 1),
(101, 'AFC Bournemouth', 'Manchester United', 1, 2),
(102, 'Everton', 'Brighton & Hove Albion', 3, 1),
(103, 'West Ham United', 'Burnley', 4, 2),
(104, 'Newcastle United', 'Watford', 1, 0),
(105, 'Cardiff City', 'Leicester City', 0, 1),
(106, 'Arsenal', 'Liverpool', 1, 1),
(107, 'Wolverhampton Wanderers', 'Tottenham Hotspur', 2, 3),
(108, 'Manchester City', 'Southampton', 6, 1),
(109, 'Chelsea', 'Crystal Palace', 3, 1),
(110, 'Huddersfield Town', 'Fulham', 1, 0),
(111, 'Cardiff City', 'Brighton & Hove Albion', 2, 1),
(112, 'Leicester City', 'Burnley', 0, 0),
(113, 'Southampton', 'Watford', 1, 1),
(114, 'Newcastle United', 'AFC Bournemouth', 2, 1),
(115, 'Huddersfield Town', 'West Ham United', 1, 1),
(116, 'Crystal Palace', 'Tottenham Hotspur', 0, 1),
(117, 'Liverpool', 'Fulham', 2, 0),
(118, 'Chelsea', 'Everton', 0, 0),
(119, 'Arsenal', 'Wolverhampton Wanderers', 1, 1),
(120, 'Manchester City', 'Manchester United', 3, 1),
(121, 'Everton', 'Cardiff City', 1, 0),
(122, 'Manchester United', 'Crystal Palace', 0, 0),
(123, 'West Ham United', 'Manchester City', 0, 4),
(124, 'Watford', 'Liverpool', 0, 3),
(125, 'Fulham', 'Southampton', 3, 2),
(126, 'Brighton & Hove Albion', 'Leicester City', 1, 1),
(127, 'Tottenham Hotspur', 'Chelsea', 3, 1),
(128, 'AFC Bournemouth', 'Arsenal', 1, 2),
(129, 'Wolverhampton Wanderers', 'Huddersfield Town', 0, 2),
(130, 'Burnley', 'Newcastle United', 1, 2),
(131, 'Cardiff City', 'Wolverhampton Wanderers', 2, 1),
(132, 'Manchester City', 'AFC Bournemouth', 3, 1),
(133, 'Leicester City', 'Watford', 2, 0),
(134, 'Crystal Palace', 'Burnley', 2, 0),
(135, 'Newcastle United', 'West Ham United', 0, 3),
(136, 'Huddersfield Town', 'Brighton & Hove Albion', 1, 2),
(137, 'Southampton', 'Manchester United', 2, 2),
(138, 'Chelsea', 'Fulham', 2, 0),
(139, 'Arsenal', 'Tottenham Hotspur', 4, 2),
(140, 'Liverpool', 'Everton', 1, 0),
(141, 'AFC Bournemouth', 'Huddersfield Town', 2, 1),
(142, 'West Ham United', 'Cardiff City', 3, 1),
(143, 'Brighton & Hove Albion', 'Crystal Palace', 3, 1),
(144, 'Watford', 'Manchester City', 1, 2),
(145, 'Everton', 'Newcastle United', 1, 1),
(146, 'Burnley', 'Liverpool', 1, 3),
(147, 'Fulham', 'Leicester City', 1, 1),
(148, 'Wolverhampton Wanderers', 'Chelsea', 2, 1),
(149, 'Tottenham Hotspur', 'Southampton', 3, 1),
(150, 'Manchester United', 'Arsenal', 2, 2),
(151, 'AFC Bournemouth', 'Liverpool', 0, 4),
(152, 'Arsenal', 'Huddersfield Town', 1, 0),
(153, 'Burnley', 'Brighton & Hove Albion', 1, 0),
(154, 'Manchester United', 'Fulham', 4, 1),
(155, 'West Ham United', 'Crystal Palace', 3, 2),
(156, 'Cardiff City', 'Southampton', 1, 0),
(157, 'Chelsea', 'Manchester City', 2, 0),
(158, 'Leicester City', 'Tottenham Hotspur', 0, 2),
(159, 'Newcastle United', 'Wolverhampton Wanderers', 1, 2),
(160, 'Everton', 'Watford', 2, 2),
(161, 'Manchester City', 'Everton', 3, 1),
(162, 'Tottenham Hotspur', 'Burnley', 1, 0),
(163, 'Crystal Palace', 'Leicester City', 1, 0),
(164, 'Watford', 'Cardiff City', 3, 2),
(165, 'Wolverhampton Wanderers', 'AFC Bournemouth', 2, 0),
(166, 'Huddersfield Town', 'Newcastle United', 0, 1),
(167, 'Fulham', 'West Ham United', 0, 2),
(168, 'Southampton', 'Arsenal', 3, 2),
(169, 'Brighton & Hove Albion', 'Chelsea', 1, 2),
(170, 'Liverpool', 'Manchester United', 3, 1),
(171, 'Wolverhampton Wanderers', 'Liverpool', 0, 2),
(172, 'Arsenal', 'Burnley', 3, 1),
(173, 'Manchester City', 'Crystal Palace', 2, 3),
(174, 'AFC Bournemouth', 'Brighton & Hove Albion', 2, 0),
(175, 'Chelsea', 'Leicester City', 0, 1),
(176, 'West Ham United', 'Watford', 0, 2),
(177, 'Newcastle United', 'Fulham', 0, 0),
(178, 'Huddersfield Town', 'Southampton', 1, 3),
(179, 'Cardiff City', 'Manchester United', 1, 5),
(180, 'Everton', 'Tottenham Hotspur', 2, 6),
(181, 'Fulham', 'Wolverhampton Wanderers', 1, 1),
(182, 'Tottenham Hotspur', 'AFC Bournemouth', 5, 0),
(183, 'Leicester City', 'Manchester City', 2, 1),
(184, 'Crystal Palace', 'Cardiff City', 0, 0),
(185, 'Burnley', 'Everton', 1, 5),
(186, 'Manchester United', 'Huddersfield Town', 3, 1),
(187, 'Liverpool', 'Newcastle United', 4, 0),
(188, 'Brighton & Hove Albion', 'Arsenal', 1, 1),
(189, 'Watford', 'Chelsea', 1, 2),
(190, 'Southampton', 'West Ham United', 1, 2),
(191, 'Tottenham Hotspur', 'Wolverhampton Wanderers', 1, 3),
(192, 'Leicester City', 'Cardiff City', 0, 1),
(193, 'Watford', 'Newcastle United', 1, 1),
(194, 'Brighton & Hove Albion', 'Everton', 1, 0),
(195, 'Fulham', 'Huddersfield Town', 1, 0),
(196, 'Liverpool', 'Arsenal', 5, 1),
(197, 'Crystal Palace', 'Chelsea', 0, 1),
(198, 'Burnley', 'West Ham United', 2, 0),
(199, 'Southampton', 'Manchester City', 1, 3),
(200, 'Manchester United', 'AFC Bournemouth', 4, 1),
(201, 'Everton', 'Leicester City', 0, 1),
(202, 'Arsenal', 'Fulham', 4, 1),
(203, 'Cardiff City', 'Tottenham Hotspur', 0, 3),
(204, 'Chelsea', 'Southampton', 0, 0),
(205, 'West Ham United', 'Brighton & Hove Albion', 2, 2),
(206, 'Wolverhampton Wanderers', 'Crystal Palace', 0, 2),
(207, 'Huddersfield Town', 'Burnley', 1, 2),
(208, 'AFC Bournemouth', 'Watford', 3, 3),
(209, 'Newcastle United', 'Manchester United', 0, 2),
(210, 'Manchester City', 'Liverpool', 2, 1),
(211, 'West Ham United', 'Arsenal', 1, 0),
(212, 'Leicester City', 'Southampton', 1, 2),
(213, 'Crystal Palace', 'Watford', 1, 2),
(214, 'Burnley', 'Fulham', 2, 1),
(215, 'Cardiff City', 'Huddersfield Town', 0, 0),
(216, 'Brighton & Hove Albion', 'Liverpool', 0, 1),
(217, 'Chelsea', 'Newcastle United', 2, 1),
(218, 'Everton', 'AFC Bournemouth', 2, 0),
(219, 'Tottenham Hotspur', 'Manchester United', 0, 1),
(220, 'Manchester City', 'Wolverhampton Wanderers', 3, 0),
(221, 'Wolverhampton Wanderers', 'Leicester City', 4, 3),
(222, 'Southampton', 'Everton', 2, 1),
(223, 'AFC Bournemouth', 'West Ham United', 2, 0),
(224, 'Manchester United', 'Brighton & Hove Albion', 2, 1),
(225, 'Liverpool', 'Crystal Palace', 4, 3),
(226, 'Watford', 'Burnley', 0, 0),
(227, 'Newcastle United', 'Cardiff City', 3, 0),
(228, 'Arsenal', 'Chelsea', 2, 0),
(229, 'Huddersfield Town', 'Manchester City', 0, 3),
(230, 'Fulham', 'Tottenham Hotspur', 1, 2),
(231, 'Arsenal', 'Cardiff City', 2, 1),
(232, 'Fulham', 'Brighton & Hove Albion', 4, 2),
(233, 'Huddersfield Town', 'Everton', 0, 1),
(234, 'Wolverhampton Wanderers', 'West Ham United', 3, 0),
(235, 'Manchester United', 'Burnley', 2, 2),
(236, 'Newcastle United', 'Manchester City', 2, 1),
(237, 'Southampton', 'Crystal Palace', 1, 1),
(238, 'AFC Bournemouth', 'Chelsea', 4, 0),
(239, 'Tottenham Hotspur', 'Watford', 2, 1),
(240, 'Liverpool', 'Leicester City', 1, 1),
(241, 'Tottenham Hotspur', 'Newcastle United', 1, 0),
(242, 'Crystal Palace', 'Fulham', 2, 0),
(243, 'Everton', 'Wolverhampton Wanderers', 1, 3),
(244, 'Burnley', 'Southampton', 1, 1),
(245, 'Chelsea', 'Huddersfield Town', 5, 0),
(246, 'Brighton & Hove Albion', 'Watford', 0, 0),
(247, 'Cardiff City', 'AFC Bournemouth', 2, 0),
(248, 'Leicester City', 'Manchester United', 0, 1),
(249, 'Manchester City', 'Arsenal', 3, 1),
(250, 'West Ham United', 'Liverpool', 1, 1),
(251, 'Everton', 'Manchester City', 0, 2),
(252, 'Fulham', 'Manchester United', 0, 3),
(253, 'Crystal Palace', 'West Ham United', 1, 1),
(254, 'Southampton', 'Cardiff City', 1, 2),
(255, 'Liverpool', 'AFC Bournemouth', 3, 0),
(256, 'Watford', 'Everton', 1, 0),
(257, 'Huddersfield Town', 'Arsenal', 1, 2),
(258, 'Brighton & Hove Albion', 'Burnley', 1, 3),
(259, 'Tottenham Hotspur', 'Leicester City', 3, 1),
(260, 'Manchester City', 'Chelsea', 6, 0),
(261, 'Wolverhampton Wanderers', 'Newcastle United', 1, 1),
(262, 'West Ham United', 'Fulham', 3, 1),
(263, 'Cardiff City', 'Watford', 1, 5),
(264, 'Burnley', 'Tottenham Hotspur', 2, 1),
(265, 'AFC Bournemouth', 'Wolverhampton Wanderers', 1, 1),
(266, 'Newcastle United', 'Huddersfield Town', 2, 0),
(267, 'Leicester City', 'Crystal Palace', 1, 4),
(268, 'Arsenal', 'Southampton', 2, 0),
(269, 'Manchester United', 'Liverpool', 0, 0),
(270, 'Leicester City', 'Brighton & Hove Albion', 2, 1),
(271, 'Cardiff City', 'Everton', 0, 3),
(272, 'Huddersfield Town', 'Wolverhampton Wanderers', 1, 0),
(273, 'Newcastle United', 'Burnley', 2, 0),
(274, 'Arsenal', 'AFC Bournemouth', 5, 1),
(275, 'Southampton', 'Fulham', 2, 0),
(276, 'Manchester City', 'West Ham United', 1, 0),
(277, 'Crystal Palace', 'Manchester United', 1, 3),
(278, 'Liverpool', 'Watford', 5, 0),
(279, 'Chelsea', 'Tottenham Hotspur', 2, 0),
(280, 'Tottenham Hotspur', 'Arsenal', 1, 1),
(281, 'Burnley', 'Crystal Palace', 1, 3),
(282, 'AFC Bournemouth', 'Manchester City', 0, 1),
(283, 'Manchester United', 'Southampton', 3, 2),
(284, 'Brighton & Hove Albion', 'Huddersfield Town', 1, 0),
(285, 'Wolverhampton Wanderers', 'Cardiff City', 2, 0),
(286, 'West Ham United', 'Newcastle United', 2, 0),
(287, 'Watford', 'Leicester City', 2, 1),
(288, 'Fulham', 'Chelsea', 1, 2),
(289, 'Everton', 'Liverpool', 0, 0),
(290, 'Crystal Palace', 'Brighton & Hove Albion', 1, 2),
(291, 'Leicester City', 'Fulham', 3, 1),
(292, 'Southampton', 'Tottenham Hotspur', 2, 1),
(293, 'Newcastle United', 'Everton', 3, 2),
(294, 'Cardiff City', 'West Ham United', 2, 0),
(295, 'Huddersfield Town', 'AFC Bournemouth', 0, 2),
(296, 'Manchester City', 'Watford', 3, 1),
(297, 'Liverpool', 'Burnley', 4, 2),
(298, 'Chelsea', 'Wolverhampton Wanderers', 1, 1),
(299, 'Arsenal', 'Manchester United', 2, 0),
(300, 'Burnley', 'Leicester City', 1, 2),
(301, 'AFC Bournemouth', 'Newcastle United', 2, 2),
(302, 'West Ham United', 'Huddersfield Town', 4, 3),
(303, 'Fulham', 'Liverpool', 1, 2),
(304, 'Everton', 'Chelsea', 2, 0),
(305, 'Fulham', 'Manchester City', 0, 2),
(306, 'Leicester City', 'AFC Bournemouth', 2, 0),
(307, 'Crystal Palace', 'Huddersfield Town', 2, 0),
(308, 'Burnley', 'Wolverhampton Wanderers', 2, 0),
(309, 'Manchester United', 'Watford', 2, 1),
(310, 'Brighton & Hove Albion', 'Southampton', 0, 1),
(311, 'West Ham United', 'Everton', 0, 2),
(312, 'Cardiff City', 'Chelsea', 1, 2),
(313, 'Liverpool', 'Tottenham Hotspur', 2, 1),
(314, 'Arsenal', 'Newcastle United', 2, 0),
(315, 'Watford', 'Fulham', 4, 1),
(316, 'Wolverhampton Wanderers', 'Manchester United', 2, 1),
(317, 'Tottenham Hotspur', 'Crystal Palace', 2, 0),
(318, 'Manchester City', 'Cardiff City', 2, 0),
(319, 'Chelsea', 'Brighton & Hove Albion', 3, 0),
(320, 'Southampton', 'Liverpool', 1, 3),
(321, 'AFC Bournemouth', 'Burnley', 1, 3),
(322, 'Newcastle United', 'Crystal Palace', 0, 1),
(323, 'Huddersfield Town', 'Leicester City', 1, 4),
(324, 'Everton', 'Arsenal', 1, 0),
(325, 'Chelsea', 'West Ham United', 2, 0),
(326, 'Leicester City', 'Newcastle United', 0, 1),
(327, 'Tottenham Hotspur', 'Huddersfield Town', 4, 0),
(328, 'Burnley', 'Cardiff City', 2, 0),
(329, 'Southampton', 'Wolverhampton Wanderers', 3, 1),
(330, 'Fulham', 'Everton', 2, 0),
(331, 'Brighton & Hove Albion', 'AFC Bournemouth', 0, 5),
(332, 'Manchester United', 'West Ham United', 2, 1),
(333, 'Crystal Palace', 'Manchester City', 1, 3),
(334, 'Liverpool', 'Chelsea', 2, 0),
(335, 'Watford', 'Arsenal', 0, 1),
(336, 'Brighton & Hove Albion', 'Cardiff City', 0, 2),
(337, 'Manchester City', 'Tottenham Hotspur', 1, 0),
(338, 'AFC Bournemouth', 'Fulham', 0, 1),
(339, 'West Ham United', 'Leicester City', 2, 2),
(340, 'Wolverhampton Wanderers', 'Brighton & Hove Albion', 0, 0),
(341, 'Huddersfield Town', 'Watford', 1, 2),
(342, 'Newcastle United', 'Southampton', 3, 1),
(343, 'Everton', 'Manchester United', 4, 0),
(344, 'Arsenal', 'Crystal Palace', 2, 3),
(345, 'Cardiff City', 'Liverpool', 0, 2),
(346, 'Chelsea', 'Burnley', 2, 2),
(347, 'Tottenham Hotspur', 'Brighton & Hove Albion', 1, 0),
(348, 'Watford', 'Southampton', 1, 1),
(349, 'Wolverhampton Wanderers', 'Arsenal', 3, 1),
(350, 'Manchester United', 'Manchester City', 0, 2),
(351, 'Liverpool', 'Huddersfield Town', 5, 0),
(352, 'Tottenham Hotspur', 'West Ham United', 0, 1),
(353, 'Crystal Palace', 'Everton', 0, 0),
(354, 'Southampton', 'AFC Bournemouth', 3, 3),
(355, 'Watford', 'Wolverhampton Wanderers', 1, 2),
(356, 'Fulham', 'Cardiff City', 1, 0),
(357, 'Brighton & Hove Albion', 'Newcastle United', 1, 1),
(358, 'Leicester City', 'Arsenal', 3, 0),
(359, 'Burnley', 'Manchester City', 0, 1),
(360, 'Manchester United', 'Chelsea', 1, 1),
(361, 'Everton', 'Burnley', 2, 0),
(362, 'AFC Bournemouth', 'Tottenham Hotspur', 1, 0),
(363, 'West Ham United', 'Southampton', 3, 0),
(364, 'Wolverhampton Wanderers', 'Fulham', 1, 0),
(365, 'Cardiff City', 'Crystal Palace', 2, 3),
(366, 'Newcastle United', 'Liverpool', 2, 3),
(367, 'Chelsea', 'Watford', 3, 0),
(368, 'Huddersfield Town', 'Manchester United', 1, 1),
(369, 'Arsenal', 'Brighton & Hove Albion', 1, 1),
(370, 'Manchester City', 'Leicester City', 1, 0),
(371, 'Tottenham Hotspur', 'Everton', 2, 2),
(372, 'Leicester City', 'Chelsea', 0, 0),
(373, 'Crystal Palace', 'AFC Bournemouth', 5, 3),
(374, 'Burnley', 'Arsenal', 1, 3),
(375, 'Southampton', 'Huddersfield Town', 1, 1),
(376, 'Manchester United', 'Cardiff City', 0, 2),
(377, 'Liverpool', 'Wolverhampton Wanderers', 2, 0),
(378, 'Watford', 'West Ham United', 1, 4),
(379, 'Fulham', 'Newcastle United', 0, 4),
(380, 'Brighton & Hove Albion', 'Manchester City', 1, 4);

-- --------------------------------------------------------

--
-- Δομή πίνακα για τον πίνακα `players`
--

DROP TABLE IF EXISTS `players`;
CREATE TABLE `players` (
  `Name` varchar(50) NOT NULL,
  `Position` varchar(20) NOT NULL,
  `Team` varchar(30) NOT NULL,
  `Minutes` int(11) NOT NULL,
  `Appearances` int(11) NOT NULL,
  `Goals` int(11) NOT NULL,
  `Assists` int(11) NOT NULL,
  `Yellow` int(11) NOT NULL,
  `Red` int(11) NOT NULL,
  `Attacker` int(11) NOT NULL,
  `Midfielder` int(11) NOT NULL,
  `Defender` int(11) NOT NULL
) ENGINE=InnoDB DEFAULT CHARSET=utf8mb4;

--
-- Άδειασμα δεδομένων του πίνακα `players`
--

INSERT INTO `players` (`Name`, `Position`, `Team`, `Minutes`, `Appearances`, `Goals`, `Assists`, `Yellow`, `Red`, `Attacker`, `Midfielder`, `Defender`) VALUES
('Aaron Cresswell', 'Defender', 'West Ham United', 1589, 20, 0, 1, 1, 0, 292, 193, 80),
('Aaron Lennon', 'Midfielder', 'Burnley', 1217, 16, 1, 1, 1, 0, 198, 187, -1),
('Aaron Mooy', 'Midfielder', 'Huddersfield Town', 2327, 29, 3, 1, 4, 0, 147, 233, -1),
('Aaron Ramsey', 'Midfielder', 'Arsenal', 1327, 28, 4, 6, 0, 0, 69, 8, -1),
('Aaron Rowe', 'Forward', 'Huddersfield Town', 69, 2, 0, 0, 0, 0, -1, -1, -1),
('Aaron Wan-Bissaka', 'Midfielder', 'Crystal Palace', 3135, 35, 0, 3, 5, 1, 312, 160, -1),
('Abdelhamid Sabiri', 'Midfielder', 'Huddersfield Town', 49, 2, 0, 0, 0, 0, -1, -1, -1),
('Abdoulaye Doucouré', 'Midfielder', 'Watford', 3062, 35, 5, 6, 7, 0, 122, 80, -1),
('Aboubakar Kamara', 'Forward', 'Fulham', 687, 13, 3, 0, 2, 0, 37, 412, -1),
('Adalberto Peñaranda Maestre', 'Forward', 'Watford', 0, 0, 0, 0, 0, 0, -1, -1, -1),
('Adam David Lallana', 'Midfielder', 'Liverpool', 465, 13, 0, 0, 1, 0, 379, 344, -1),
('Adam Masina', 'Defender', 'Watford', 1003, 14, 0, 1, 5, 0, 397, 154, 143),
('Adam Smith', 'Defender', 'AFC Bournemouth', 2073, 25, 1, 1, 6, 1, 235, 228, 85),
('Adama Diakhaby', 'Forward', 'Huddersfield Town', 551, 12, 0, 0, 1, 0, 332, 359, -1),
('Adama Traoré Diarra', 'Midfielder', 'Wolverhampton Wanderers', 890, 29, 1, 1, 1, 0, 164, 145, -1),
('Ademola Lookman', 'Forward', 'Everton', 601, 21, 0, 2, 0, 0, 287, 20, -1),
('Adrian Mariappa', 'Defender', 'Watford', 1921, 26, 0, 0, 3, 0, 396, 414, 94),
('Adrián San Miguel del Castillo', 'Goalkeeper', 'West Ham United', 0, 0, 0, 0, 0, 0, -1, -1, -1),
('Adrien Sebastian Perruchet Silva', 'Midfielder', 'Leicester City', 88, 2, 0, 0, 0, 0, -1, -1, -1),
('Ainsley Maitland-Niles', 'Midfielder', 'Arsenal', 985, 16, 1, 1, 3, 1, 178, 166, -1),
('Alberto Moreno', 'Defender', 'Liverpool', 155, 2, 0, 0, 0, 0, -1, -1, -1),
('Aleksandar Mitrović', 'Forward', 'Fulham', 3282, 37, 11, 3, 7, 0, 62, 176, -1),
('Alex Iwobi', 'Forward', 'Arsenal', 1972, 35, 3, 6, 0, 0, 128, 31, -1),
('Alex McCarthy', 'Goalkeeper', 'Southampton', 2250, 25, 0, 0, 1, 0, 372, 365, 114),
('Alex Oxlade-Chamberlain', 'Midfielder', 'Liverpool', 19, 2, 0, 0, 0, 0, -1, -1, -1),
('Alex Pritchard', 'Midfielder', 'Huddersfield Town', 2092, 30, 2, 0, 2, 0, 175, 373, -1),
('Alex Smithies', 'Goalkeeper', 'Cardiff City', 0, 0, 0, 0, 0, 0, -1, -1, -1),
('Alexander Sørloth', 'Forward', 'Crystal Palace', 173, 12, 0, 0, 0, 0, -1, -1, -1),
('Alexandre Lacazette', 'Forward', 'Arsenal', 2503, 35, 13, 8, 2, 0, 24, 25, -1),
('Alexandre Nascimento Costa Silva', 'Forward', 'West Ham United', 17, 1, 0, 0, 0, 0, -1, -1, -1),
('Alexis Sanchez', 'Forward', 'Manchester United', 877, 20, 1, 3, 3, 0, 168, 17, -1),
('Alfie Jones', 'Defender', 'Southampton', 0, 0, 0, 0, 0, 0, -1, -1, -1),
('Alfie Mawson', 'Defender', 'Fulham', 1131, 15, 0, 0, 2, 0, 302, 258, 161),
('Alfie Whiteman', 'Goalkeeper', 'Tottenham Hotspur', 0, 0, 0, 0, 0, 0, -1, -1, -1),
('Ali Koiki', 'Defender', 'Burnley', 0, 0, 0, 0, 0, 0, -1, -1, -1),
('Alireza Jahanbakhsh', 'Forward', 'Brighton & Hove Albion', 1022, 19, 0, 0, 2, 0, 403, 270, -1),
('Alisson Becker', 'Goalkeeper', 'Liverpool', 3420, 38, 0, 0, 1, 0, 417, 387, 3),
('Alvaro Morata', 'Forward', 'Chelsea', 943, 16, 5, 0, 3, 0, 19, 338, -1),
('Ander Herrera', 'Midfielder', 'Manchester United', 1404, 22, 2, 3, 4, 0, 136, 71, -1),
('André Filipe Tavares Gomes', 'Midfielder', 'Everton', 1986, 27, 1, 1, 7, 0, 224, 213, -1),
('Andre Gray', 'Forward', 'Watford', 1358, 29, 7, 2, 2, 0, 25, 109, -1),
('André Schürrle', 'Midfielder', 'Fulham', 1650, 24, 6, 0, 2, 0, 54, 417, -1),
('André-Frank Zambo Anguissa', 'Midfielder', 'Fulham', 1518, 22, 0, 0, 3, 1, 290, 254, -1),
('Andreas Christensen', 'Defender', 'Chelsea', 615, 8, 0, 0, 1, 0, 338, 346, 34),
('Andreas Pereira', 'Midfielder', 'Manchester United', 595, 15, 1, 1, 5, 0, 118, 93, -1),
('Andrew Robertson', 'Defender', 'Liverpool', 3219, 36, 0, 11, 4, 0, 418, 19, 2),
('Andrew Surman', 'Midfielder', 'AFC Bournemouth', 1438, 18, 0, 0, 2, 0, 359, 379, -1),
('Andriy Yarmolenko', 'Forward', 'West Ham United', 459, 9, 2, 0, 2, 0, 38, 361, -1),
('Andros Townsend', 'Midfielder', 'Crystal Palace', 3018, 38, 6, 4, 1, 0, 102, 131, -1),
('Andy Carroll', 'Forward', 'West Ham United', 454, 12, 0, 0, 2, 0, 270, 326, -1),
('Angel Gomes', 'Midfielder', 'Manchester United', 25, 2, 0, 0, 0, 0, -1, -1, -1),
('Angelo Ogbonna', 'Defender', 'West Ham United', 1870, 24, 1, 1, 2, 0, 221, 207, 124),
('Angus Gunn', 'Goalkeeper', 'Southampton', 1080, 12, 0, 0, 0, 0, 376, 339, 104),
('Anthony Driscoll-Glennon', 'Defender', 'Burnley', 0, 0, 0, 0, 0, 0, -1, -1, -1),
('Anthony Knockaert', 'Midfielder', 'Brighton & Hove Albion', 1832, 30, 2, 6, 5, 1, 163, 27, -1),
('Anthony Martial', 'Forward', 'Manchester United', 1623, 27, 10, 2, 2, 0, 12, 137, -1),
('Antonio Barreca', 'Defender', 'Newcastle United', 4, 1, 0, 0, 0, 0, -1, -1, -1),
('Antonio Rüdiger', 'Defender', 'Chelsea', 2874, 33, 1, 0, 7, 0, 259, 374, 39),
('Antonio Valencia', 'Defender', 'Manchester United', 466, 6, 0, 0, 2, 0, 300, 256, 29),
('Arijanet Muric', 'Goalkeeper', 'Manchester City', 0, 0, 0, 0, 0, 0, -1, -1, -1),
('Aron Einar Gunnarsson', 'Midfielder', 'Cardiff City', 2274, 28, 1, 1, 5, 0, 241, 234, -1),
('Arthur Masuaku', 'Defender', 'West Ham United', 1756, 23, 0, 1, 2, 0, 368, 203, 89),
('Artur Boruc', 'Goalkeeper', 'AFC Bournemouth', 1080, 12, 0, 0, 2, 0, 361, 395, 100),
('Ashley Barnes', 'Forward', 'Burnley', 2400, 37, 12, 2, 8, 0, 27, 172, -1),
('Ashley Westwood', 'Midfielder', 'Burnley', 2822, 34, 2, 7, 5, 0, 216, 55, -1),
('Ashley Young', 'Midfielder', 'Manchester United', 2568, 30, 2, 2, 10, 1, 201, 181, -1),
('Asmir Begović', 'Goalkeeper', 'AFC Bournemouth', 2160, 24, 0, 0, 0, 0, 358, 273, 154),
('Aymeric Laporte', 'Defender', 'Manchester City', 3057, 35, 3, 3, 3, 0, 174, 159, 14),
('Ayoze Perez', 'Forward', 'Newcastle United', 2929, 37, 12, 2, 2, 0, 43, 197, -1),
('Bakary Sako', 'Midfielder', 'Crystal Palace', 25, 4, 0, 0, 0, 0, -1, -1, -1),
('Bakayo Sako', 'Midfielder', 'Arsenal', 7, 1, 0, 0, 0, 0, -1, -1, -1),
('Ben Chilwell', 'Defender', 'Leicester City', 3240, 36, 0, 4, 4, 0, 344, 138, 44),
('Ben Davies', 'Defender', 'Tottenham Hotspur', 1839, 27, 0, 0, 2, 0, 353, 274, 60),
('Ben Foster', 'Goalkeeper', 'Watford', 3420, 38, 0, 0, 1, 0, 365, 353, 116),
('Ben Gibson', 'Defender', 'Burnley', 63, 1, 1, 0, 1, 0, -1, -1, -1),
('Ben Hamer', 'Goalkeeper', 'Huddersfield Town', 553, 7, 0, 0, 0, 0, 327, 348, 175),
('Ben Mee', 'Defender', 'Burnley', 3420, 38, 0, 2, 9, 0, 380, 211, 118),
('Ben White', 'Defender', 'Brighton & Hove Albion', 0, 0, 0, 0, 0, 0, -1, -1, -1),
('Ben Wilmot', 'Defender', 'Watford', 26, 2, 0, 0, 0, 0, -1, -1, -1),
('Benjamin Johnson', 'Forward', 'West Ham United', 63, 1, 0, 0, 0, 0, -1, -1, -1),
('Benjamin Mendy', 'Defender', 'Manchester City', 900, 10, 0, 5, 1, 0, 311, 3, 12),
('Beram Kayal', 'Midfielder', 'Brighton & Hove Albion', 934, 18, 1, 1, 4, 0, 157, 144, -1),
('Bernard Anício Caldeira Duarte', 'Midfielder', 'Everton', 2128, 34, 1, 3, 5, 0, 246, 117, -1),
('Bernardo', 'Defender', 'Brighton & Hove Albion', 1750, 22, 0, 1, 4, 0, 400, 200, 107),
('Bernardo Silva', 'Midfielder', 'Manchester City', 2853, 36, 7, 7, 3, 0, 85, 58, -1),
('Bernd Leno', 'Goalkeeper', 'Arsenal', 2835, 32, 0, 0, 0, 0, 390, 413, 76),
('Bobby Reid', 'Midfielder', 'Cardiff City', 1422, 27, 5, 2, 0, 0, 57, 115, -1),
('Brian Murphy', 'Goalkeeper', 'Cardiff City', 0, 0, 0, 0, 0, 0, -1, -1, -1),
('Bright Enobakhare', 'Forward', 'Wolverhampton Wanderers', 0, 0, 0, 0, 0, 0, -1, -1, -1),
('Bruno Écuélé Manga', 'Defender', 'Cardiff City', 3375, 38, 0, 1, 0, 0, 337, 242, 126),
('Bruno Saltor Grau', 'Defender', 'Brighton & Hove Albion', 1136, 14, 0, 1, 2, 0, 399, 174, 92),
('Caglar Söyüncü', 'Defender', 'Leicester City', 371, 6, 0, 0, 1, 0, 267, 330, 16),
('Callum Hudson-Odoi', 'Midfielder', 'Chelsea', 391, 10, 0, 1, 0, 0, 277, 54, -1),
('Callum Paterson', 'Defender', 'Cardiff City', 1996, 27, 4, 1, 4, 0, 109, 202, 137),
('Callum Roberts', 'Forward', 'Newcastle United', 0, 0, 0, 0, 0, 0, -1, -1, -1),
('Callum Slattery', 'Midfielder', 'Southampton', 110, 3, 0, 0, 0, 0, -1, -1, -1),
('Callum Wilson', 'Forward', 'AFC Bournemouth', 2535, 30, 14, 9, 3, 0, 17, 16, -1),
('Calum Chambers', 'Defender', 'Fulham', 2587, 31, 2, 0, 9, 0, 196, 399, 144),
('Cameron John', 'Defender', 'Wolverhampton Wanderers', 0, 0, 0, 0, 0, 0, -1, -1, -1),
('Carl Jenkinson', 'Defender', 'Arsenal', 166, 3, 0, 0, 0, 0, -1, -1, -1),
('Carlos Sánchez', 'Midfielder', 'West Ham United', 240, 7, 0, 0, 0, 0, -1, -1, -1),
('Cedric Soares', 'Defender', 'Southampton', 1494, 18, 1, 2, 4, 0, 206, 130, 127),
('Cenk Tosun', 'Forward', 'Everton', 1050, 25, 3, 3, 3, 0, 77, 37, -1),
('Cesar Azpilicueta', 'Defender', 'Chelsea', 3403, 38, 1, 5, 4, 0, 260, 116, 33),
('Cesc Fabregas', 'Midfielder', 'Chelsea', 175, 6, 0, 0, 1, 0, -1, -1, -1),
('Charlie Austin', 'Forward', 'Southampton', 980, 25, 2, 2, 1, 0, 105, 75, -1),
('Charlie Daniels', 'Defender', 'AFC Bournemouth', 1583, 21, 1, 0, 4, 0, 203, 276, 152),
('Charlie Taylor', 'Defender', 'Burnley', 3240, 38, 0, 1, 2, 0, 381, 239, 111),
('Cheikhou Kouyaté', 'Midfielder', 'Crystal Palace', 1897, 31, 0, 2, 3, 0, 323, 161, -1),
('Chris Löwe', 'Defender', 'Huddersfield Town', 2056, 29, 0, 2, 2, 0, 328, 164, 169),
('Chris Mepham', 'Defender', 'AFC Bournemouth', 849, 13, 0, 1, 1, 0, 279, 136, 142),
('Chris Smalling', 'Defender', 'Manchester United', 2128, 24, 1, 0, 1, 0, 245, 294, 106),
('Chris Wood', 'Forward', 'Burnley', 2582, 38, 10, 2, 2, 0, 50, 188, -1),
('Christian Atsu Twasam', 'Midfielder', 'Newcastle United', 1487, 28, 1, 0, 2, 0, 207, 271, -1),
('Christian Benteke', 'Forward', 'Crystal Palace', 813, 16, 1, 1, 1, 0, 151, 139, -1),
('Christian Eriksen', 'Midfielder', 'Tottenham Hotspur', 2772, 35, 8, 12, 3, 0, 75, 10, -1),
('Christian Fuchs', 'Defender', 'Leicester City', 206, 3, 0, 0, 0, 0, -1, -1, -1),
('Christian Kabasele', 'Defender', 'Watford', 1587, 21, 0, 0, 4, 1, 393, 402, 101),
('Christopher Schindler', 'Defender', 'Huddersfield Town', 3262, 37, 1, 0, 6, 1, 252, 345, 157),
('Ciaran Clark', 'Defender', 'Newcastle United', 857, 11, 3, 0, 1, 0, 59, 315, 113),
('Claudio Andrés Bravo Muñoz', 'Goalkeeper', 'Manchester City', 0, 0, 0, 0, 0, 0, -1, -1, -1),
('Collin Quaner', 'Forward', 'Huddersfield Town', 37, 2, 0, 0, 0, 0, -1, -1, -1),
('Connor Wickham', 'Forward', 'Crystal Palace', 61, 6, 0, 1, 0, 0, -1, -1, -1),
('Conor Coady', 'Midfielder', 'Wolverhampton Wanderers', 3420, 38, 0, 0, 5, 0, 394, 415, -1),
('Conor Coventry', 'Midfielder', 'West Ham United', 0, 0, 0, 0, 0, 0, -1, -1, -1),
('Craig Cathcart', 'Defender', 'Watford', 3099, 36, 3, 0, 2, 0, 181, 400, 119),
('Curtis Jones', 'Midfielder', 'Liverpool', 0, 0, 0, 0, 0, 0, -1, -1, -1),
('Cyrus Christie', 'Defender', 'Fulham', 1943, 28, 0, 1, 7, 0, 315, 205, 155),
('Dale Stephens', 'Midfielder', 'Brighton & Hove Albion', 2487, 30, 1, 1, 7, 1, 247, 224, -1),
('Damián Emiliano Martínez', 'Goalkeeper', 'Arsenal', 0, 0, 0, 0, 0, 0, -1, -1, -1),
('Dan Burn', 'Defender', 'Brighton & Hove Albion', 0, 0, 0, 0, 0, 0, -1, -1, -1),
('Dan Gosling', 'Midfielder', 'AFC Bournemouth', 1737, 25, 2, 1, 8, 0, 158, 206, -1),
('Daniel Amartey', 'Midfielder', 'Leicester City', 640, 9, 0, 0, 2, 0, 343, 313, -1),
('Daniel Sturridge', 'Forward', 'Liverpool', 496, 18, 2, 1, 1, 0, 47, 79, -1),
('Daniel William John Ings', 'Forward', 'Southampton', 1668, 24, 7, 3, 1, 0, 41, 87, -1),
('Daniel Williams', 'Midfielder', 'Huddersfield Town', 93, 5, 0, 0, 1, 0, -1, -1, -1),
('Danilo', 'Defender', 'Manchester City', 806, 11, 1, 0, 1, 0, 150, 318, 18),
('Danny Drinkwater', 'Midfielder', 'Chelsea', 0, 0, 0, 0, 0, 0, -1, -1, -1),
('Danny Rose', 'Defender', 'Tottenham Hotspur', 1806, 26, 0, 3, 5, 0, 289, 95, 11),
('Danny Simpson', 'Defender', 'Leicester City', 291, 6, 0, 0, 0, 0, 269, 333, 73),
('Danny Ward', 'Goalkeeper', 'Leicester City', 0, 0, 0, 0, 0, 0, -1, -1, -1),
('Danny Welbeck', 'Forward', 'Arsenal', 147, 8, 1, 1, 0, 0, -1, -1, -1),
('Daryl Janmaat', 'Defender', 'Watford', 1521, 18, 0, 2, 3, 0, 395, 127, 84),
('David Brooks', 'Forward', 'AFC Bournemouth', 2278, 30, 7, 5, 3, 0, 68, 65, -1),
('David Button', 'Goalkeeper', 'Brighton & Hove Albion', 360, 4, 0, 0, 0, 0, 404, 327, 79),
('David de Gea', 'Goalkeeper', 'Manchester United', 3420, 38, 0, 0, 1, 0, 310, 419, 91),
('David Junior Hoilett', 'Forward', 'Cardiff City', 2142, 32, 3, 1, 4, 0, 133, 220, -1),
('David Luiz', 'Defender', 'Chelsea', 3239, 36, 3, 2, 3, 0, 188, 198, 27),
('David Silva', 'Midfielder', 'Manchester City', 2411, 33, 6, 8, 3, 0, 88, 22, -1),
('Davide Zappacosta', 'Defender', 'Chelsea', 125, 4, 0, 0, 0, 0, -1, -1, -1),
('Davinson Sánchez Mina', 'Defender', 'Tottenham Hotspur', 1943, 23, 1, 1, 2, 0, 225, 208, 28),
('Davy Pröpper', 'Midfielder', 'Brighton & Hove Albion', 2551, 30, 1, 1, 2, 0, 242, 226, -1),
('DeAndre Yedlin', 'Defender', 'Newcastle United', 2475, 29, 1, 2, 7, 1, 228, 177, 93),
('Declan Rice', 'Midfielder', 'West Ham United', 3005, 34, 2, 0, 4, 0, 205, 362, -1),
('Dejan Lovren', 'Defender', 'Liverpool', 985, 13, 1, 0, 1, 0, 176, 324, 15),
('Dele Alli', 'Midfielder', 'Tottenham Hotspur', 1827, 25, 5, 3, 4, 0, 82, 97, -1),
('Demarai Gray', 'Midfielder', 'Leicester City', 1992, 34, 4, 1, 2, 0, 103, 212, -1),
('Demeaco Duhaney', 'Defender', 'Huddersfield Town', 46, 1, 0, 0, 0, 0, -1, -1, -1),
('Denis Odoi', 'Defender', 'Fulham', 2593, 31, 0, 1, 4, 0, 286, 244, 165),
('Denis Suárez', 'Midfielder', 'Arsenal', 67, 4, 0, 0, 0, 0, -1, -1, -1),
('Diego Rico', 'Defender', 'AFC Bournemouth', 607, 12, 0, 0, 1, 0, 303, 259, 172),
('Diogo José Teixeira da Silva', 'Midfielder', 'Wolverhampton Wanderers', 2371, 33, 9, 5, 11, 0, 52, 69, -1),
('Divock Origi', 'Forward', 'Liverpool', 366, 12, 3, 1, 0, 0, 2, 42, -1),
('Domingos Quina', 'Midfielder', 'Watford', 335, 8, 1, 0, 0, 0, 72, 316, -1),
('Dominic Calvert-Lewin', 'Forward', 'Everton', 1774, 35, 6, 2, 3, 0, 65, 152, -1),
('Dominic Solanke', 'Forward', 'AFC Bournemouth', 341, 10, 0, 1, 0, 0, 280, 38, -1),
('Dwight McNeil', 'Forward', 'Burnley', 1599, 21, 3, 5, 2, 0, 112, 29, -1),
('Eden Hazard', 'Midfielder', 'Chelsea', 2926, 37, 16, 15, 2, 0, 18, 5, -1),
('Ederson', 'Goalkeeper', 'Manchester City', 3420, 38, 0, 1, 2, 0, 366, 240, 13),
('Edward Nketiah', 'Forward', 'Arsenal', 62, 5, 1, 0, 0, 0, -1, -1, -1),
('Elias Kachunga', 'Forward', 'Huddersfield Town', 1181, 20, 0, 0, 2, 0, 306, 261, -1),
('Emerson Hyndman', 'Midfielder', 'AFC Bournemouth', 37, 1, 0, 0, 0, 0, -1, -1, -1),
('Emerson Palmieri dos Santos', 'Defender', 'Chelsea', 660, 10, 0, 0, 0, 0, 274, 296, 96),
('Emile Smith Rowe', 'Midfielder', 'Arsenal', 0, 0, 0, 0, 0, 0, -1, -1, -1),
('Eric Bertrand Bailly', 'Defender', 'Manchester United', 637, 12, 0, 0, 1, 1, 340, 310, 141),
('Eric Dier', 'Midfielder', 'Tottenham Hotspur', 1510, 20, 3, 0, 4, 0, 107, 278, -1),
('Erik Durm', 'Defender', 'Huddersfield Town', 2052, 28, 0, 1, 0, 0, 307, 232, 156),
('Erik Lamela', 'Midfielder', 'Tottenham Hotspur', 971, 19, 4, 2, 2, 0, 44, 68, -1),
('Ethan Ampadu', 'Midfielder', 'Chelsea', 0, 0, 0, 0, 0, 0, -1, -1, -1),
('Etienne Capoue', 'Midfielder', 'Watford', 2947, 33, 1, 3, 15, 1, 253, 155, -1),
('Fabián Cornelio Balbuena González', 'Defender', 'West Ham United', 2014, 23, 1, 0, 2, 0, 233, 356, 66),
('Fabian Delph', 'Midfielder', 'Manchester City', 725, 11, 0, 1, 2, 1, 295, 125, -1),
('Fabian Schär', 'Defender', 'Newcastle United', 2002, 24, 4, 1, 12, 0, 108, 230, 23),
('Fabinho', 'Midfielder', 'Liverpool', 2013, 28, 1, 2, 6, 0, 231, 167, -1),
('Fabricio Martín Agosto Ramírez', 'Goalkeeper', 'Fulham', 180, 2, 0, 0, 0, 0, -1, -1, -1),
('Faustino Marcos Alberto Rojo', 'Defender', 'Manchester United', 211, 5, 0, 0, 2, 0, -1, -1, -1),
('Federico Fernández', 'Defender', 'Newcastle United', 1484, 19, 0, 1, 2, 0, 297, 194, 90),
('Felipe Anderson Pereira Gomes', 'Midfielder', 'West Ham United', 3054, 36, 9, 4, 3, 0, 70, 126, -1),
('Fernando Llorente Torres', 'Forward', 'Tottenham Hotspur', 683, 20, 1, 4, 2, 0, 137, 2, -1),
('Fernando Luiz Rosa', 'Midfielder', 'Manchester City', 2381, 29, 1, 3, 5, 0, 229, 134, -1),
('Florent Hadergjonaj', 'Defender', 'Huddersfield Town', 1840, 24, 0, 0, 1, 0, 329, 376, 135),
('Florian Lejeune', 'Defender', 'Newcastle United', 1055, 12, 0, 0, 0, 0, 278, 301, 35),
('Florin Andone', 'Forward', 'Brighton & Hove Albion', 874, 23, 3, 0, 5, 0, 60, 289, -1),
('Floyd Ayité', 'Midfielder', 'Fulham', 465, 16, 1, 0, 0, 0, 101, 268, -1),
('Fousseni Diabaté', 'Midfielder', 'Leicester City', 55, 1, 0, 0, 0, 0, -1, -1, -1),
('Francisco Femenía Far', 'Midfielder', 'Watford', 2045, 29, 1, 1, 1, 0, 237, 216, -1),
('Fraser Forster', 'Goalkeeper', 'Southampton', 90, 1, 0, 0, 0, 0, -1, -1, -1),
('Freddie Woodman', 'Goalkeeper', 'Newcastle United', 0, 0, 0, 0, 0, 0, -1, -1, -1),
('Frederico Rodrigues Santos', 'Midfielder', 'Manchester United', 1045, 17, 1, 1, 2, 0, 171, 156, -1),
('Gabriel Jesus', 'Forward', 'Manchester City', 1019, 29, 7, 3, 1, 0, 6, 33, -1),
('Gaëtan Bong Songo', 'Defender', 'Brighton & Hove Albion', 1805, 22, 0, 0, 0, 0, 401, 397, 132),
('Gary Cahill', 'Defender', 'Chelsea', 22, 2, 0, 0, 0, 0, -1, -1, -1),
('Gary Madine', 'Forward', 'Cardiff City', 32, 5, 0, 0, 0, 0, -1, -1, -1),
('George Marsh', 'Midfielder', 'Tottenham Hotspur', 0, 0, 0, 0, 0, 0, -1, -1, -1),
('Georges-Kevin N\'Koudou Mbida', 'Forward', 'Tottenham Hotspur', 4, 1, 0, 1, 0, 0, -1, -1, -1),
('Georginio Wijnaldum', 'Midfielder', 'Liverpool', 2735, 35, 3, 0, 3, 0, 161, 416, -1),
('Gerard Deulofeu', 'Forward', 'Watford', 2082, 30, 10, 5, 3, 0, 29, 59, -1),
('Glenn Murray', 'Forward', 'Brighton & Hove Albion', 2513, 38, 13, 1, 5, 0, 22, 227, -1),
('Gonzalo Higuain', 'Forward', 'Chelsea', 1092, 14, 5, 0, 0, 0, 33, 306, -1),
('Grady Diangana', 'Midfielder', 'West Ham United', 604, 17, 0, 1, 0, 0, 298, 89, -1),
('Granit Xhaka', 'Midfielder', 'Arsenal', 2502, 29, 4, 2, 10, 0, 127, 183, -1),
('Greg Cunningham', 'Defender', 'Cardiff City', 630, 7, 0, 0, 3, 0, 313, 381, 170),
('Gylfi Sigurdsson', 'Midfielder', 'Everton', 3134, 38, 13, 6, 3, 0, 46, 84, -1),
('Hamza Choudhury', 'Midfielder', 'Leicester City', 596, 9, 0, 0, 0, 0, 275, 297, -1),
('Harry Arter', 'Midfielder', 'Cardiff City', 2008, 25, 0, 1, 10, 0, 304, 221, -1),
('Harry Kane', 'Forward', 'Tottenham Hotspur', 2427, 28, 17, 4, 5, 0, 5, 94, -1),
('Harry Maguire', 'Defender', 'Leicester City', 2599, 31, 3, 0, 7, 1, 166, 298, 78),
('Harry Winks', 'Midfielder', 'Tottenham Hotspur', 1591, 26, 1, 0, 4, 0, 204, 285, -1),
('Harvey Elliot', 'Forward', 'Fulham', 18, 2, 0, 0, 0, 0, -1, -1, -1),
('Harvey Lewis Barnes', 'Midfielder', 'Leicester City', 1007, 16, 1, 2, 0, 0, 173, 77, -1),
('Håvard Nordtveit', 'Midfielder', 'Fulham', 361, 5, 0, 1, 0, 0, 419, 41, -1),
('Hector Bellerin', 'Defender', 'Arsenal', 1535, 19, 0, 5, 3, 0, 385, 26, 61),
('Hélder Wander Sousa Azevedo Costa', 'Midfielder', 'Wolverhampton Wanderers', 1345, 25, 1, 2, 3, 0, 193, 112, -1),
('Henrikh Mkhitaryan', 'Midfielder', 'Arsenal', 1643, 25, 6, 4, 1, 0, 53, 56, -1),
('Heung-Min Son', 'Forward', 'Tottenham Hotspur', 2048, 31, 12, 6, 3, 1, 14, 34, -1),
('Heurelho da Silva Gomes', 'Goalkeeper', 'Watford', 0, 0, 0, 0, 0, 0, -1, -1, -1),
('Hugo Lloris', 'Goalkeeper', 'Tottenham Hotspur', 2970, 33, 0, 0, 0, 0, 339, 284, 21),
('Ibrahima Cissé', 'Midfielder', 'Fulham', 87, 3, 0, 0, 0, 0, -1, -1, -1),
('Idrissa Gana Gueye', 'Midfielder', 'Everton', 2825, 33, 0, 2, 6, 0, 413, 192, -1),
('İlkay Gündoğan', 'Midfielder', 'Manchester City', 2135, 31, 6, 3, 3, 0, 78, 119, -1),
('Isaac Ajayi Success', 'Forward', 'Watford', 1037, 30, 1, 1, 4, 0, 170, 153, -1),
('Isaac Hayden', 'Midfielder', 'Newcastle United', 1886, 25, 1, 4, 4, 1, 219, 70, -1),
('Isaac Mbenza', 'Forward', 'Huddersfield Town', 981, 22, 1, 1, 1, 0, 177, 163, -1),
('Issa Diop', 'Defender', 'West Ham United', 2970, 33, 1, 0, 4, 0, 249, 364, 55),
('Ivan Ricardo Neves Abreu Cavaleiro', 'Forward', 'Wolverhampton Wanderers', 683, 23, 3, 1, 1, 0, 34, 118, -1),
('Jack Cork', 'Midfielder', 'Burnley', 3313, 37, 1, 2, 6, 0, 248, 204, -1),
('Jack Simpson', 'Defender', 'AFC Bournemouth', 403, 6, 0, 0, 0, 0, 272, 314, 163),
('Jack Stephens', 'Defender', 'Southampton', 1697, 24, 1, 0, 4, 0, 217, 369, 130),
('Jack Wilshere', 'Midfielder', 'West Ham United', 389, 8, 0, 1, 2, 0, 369, 48, -1),
('Jacob Murphy', 'Midfielder', 'Newcastle United', 300, 9, 0, 1, 0, 0, 301, 21, -1),
('Jaïro Riedewald', 'Defender', 'Crystal Palace', 0, 0, 0, 0, 0, 0, -1, -1, -1),
('Jamal Lascelles', 'Defender', 'Newcastle United', 2748, 32, 0, 1, 4, 0, 346, 245, 41),
('James Garner', 'Defender', 'Manchester United', 0, 1, 0, 0, 0, 0, -1, -1, -1),
('James Maddison', 'Midfielder', 'Leicester City', 2850, 36, 7, 7, 5, 1, 83, 60, -1),
('James McArthur', 'Midfielder', 'Crystal Palace', 3071, 38, 3, 6, 7, 0, 179, 74, -1),
('James McCarthy', 'Midfielder', 'Everton', 14, 1, 0, 0, 0, 0, -1, -1, -1),
('James Milner', 'Midfielder', 'Liverpool', 1785, 31, 5, 4, 7, 1, 80, 64, -1),
('James Tarkowski', 'Defender', 'Burnley', 3087, 35, 3, 1, 8, 0, 172, 238, 121),
('James Tomkins', 'Defender', 'Crystal Palace', 2563, 29, 1, 1, 6, 0, 232, 215, 63),
('James Ward-Prowse', 'Midfielder', 'Southampton', 1942, 26, 7, 0, 4, 0, 55, 347, -1),
('Jamie Sterry', 'Defender', 'Newcastle United', 0, 0, 0, 0, 0, 0, -1, -1, -1),
('Jamie Vardy', 'Forward', 'Leicester City', 2735, 34, 18, 4, 4, 1, 9, 120, -1),
('Jan Bednarek', 'Defender', 'Southampton', 2151, 25, 0, 1, 7, 0, 377, 225, 98),
('Jan Vertonghen', 'Defender', 'Tottenham Hotspur', 1915, 22, 1, 0, 5, 1, 220, 282, 31),
('Jannik Vestergaard', 'Defender', 'Southampton', 2030, 23, 0, 0, 2, 0, 373, 367, 65),
('Jason Puncheon', 'Midfielder', 'Huddersfield Town', 391, 11, 0, 0, 1, 0, 305, 260, -1),
('Jason Steele', 'Goalkeeper', 'Brighton & Hove Albion', 0, 0, 0, 0, 0, 0, -1, -1, -1),
('Javier Hernandez', 'Forward', 'West Ham United', 1335, 25, 7, 1, 2, 0, 21, 186, -1),
('Javier Manquillo Gaitán', 'Defender', 'Newcastle United', 1097, 18, 0, 3, 2, 0, 350, 40, 30),
('Jayson Molumby', 'Midfielder', 'Brighton & Hove Albion', 0, 0, 0, 0, 0, 0, -1, -1, -1),
('Jazz Richards', 'Defender', 'Cardiff City', 128, 4, 0, 0, 0, 0, -1, -1, -1),
('Jean Michaël Seri', 'Midfielder', 'Fulham', 2252, 32, 1, 2, 6, 0, 230, 168, -1),
('Jeff Hendrick', 'Midfielder', 'Burnley', 2069, 32, 3, 0, 4, 0, 130, 349, -1),
('Jefferson Lerma', 'Midfielder', 'AFC Bournemouth', 2511, 30, 2, 0, 12, 0, 202, 288, -1),
('Jeffrey Schlupp', 'Defender', 'Crystal Palace', 1665, 30, 4, 1, 1, 0, 89, 209, 86),
('Jermain Defoe', 'Forward', 'AFC Bournemouth', 21, 4, 0, 0, 0, 0, -1, -1, -1),
('Jesse Lingard', 'Midfielder', 'Manchester United', 1668, 27, 4, 2, 3, 0, 87, 143, -1),
('João Moutinho', 'Midfielder', 'Wolverhampton Wanderers', 3040, 38, 1, 8, 4, 0, 258, 44, -1),
('Joe Bennett', 'Defender', 'Cardiff City', 2641, 30, 0, 1, 5, 0, 324, 241, 112),
('Joe Bryan', 'Defender', 'Fulham', 2350, 28, 0, 1, 5, 0, 316, 218, 158),
('Joe Daniel Tupper', 'Goalkeeper', 'Crystal Palace', 0, 0, 0, 0, 0, 0, -1, -1, -1),
('Joe Gomez', 'Defender', 'Liverpool', 1060, 16, 0, 0, 2, 0, 407, 398, 1),
('Joe Hart', 'Goalkeeper', 'Burnley', 1710, 19, 0, 0, 0, 0, 367, 341, 149),
('Joe Powell', 'Forward', 'West Ham United', 0, 0, 0, 0, 0, 0, -1, -1, -1),
('Joe Ralls', 'Midfielder', 'Cardiff City', 1959, 28, 0, 0, 5, 1, 336, 383, -1),
('Joel Coleman', 'Goalkeeper', 'Huddersfield Town', 90, 1, 0, 0, 0, 0, -1, -1, -1),
('Joel Matip', 'Defender', 'Liverpool', 1532, 22, 1, 0, 3, 0, 210, 286, 8),
('Joel Ward', 'Defender', 'Crystal Palace', 551, 7, 1, 0, 1, 0, 114, 358, 159),
('Johann Berg Guðmunds­son', 'Midfielder', 'Burnley', 1748, 29, 3, 6, 2, 0, 117, 18, -1),
('John Ruddy', 'Goalkeeper', 'Wolverhampton Wanderers', 90, 1, 0, 0, 0, 0, -1, -1, -1),
('John Stones', 'Defender', 'Manchester City', 1762, 24, 0, 0, 1, 0, 309, 418, 17),
('Jon Gorenc Stankovič', 'Defender', 'Huddersfield Town', 718, 11, 1, 0, 2, 0, 139, 291, 171),
('Jonas Lössl', 'Goalkeeper', 'Huddersfield Town', 2777, 31, 0, 1, 1, 0, 333, 247, 139),
('Jonathan Hogg', 'Midfielder', 'Huddersfield Town', 2377, 29, 0, 1, 9, 1, 330, 231, -1),
('Jonathan Walters', 'Forward', 'Burnley', 0, 0, 0, 0, 0, 0, -1, -1, -1),
('Jonjo Shelvey', 'Midfielder', 'Newcastle United', 944, 16, 1, 1, 1, 0, 165, 146, -1),
('Jonjoe Kenny', 'Defender', 'Everton', 790, 10, 0, 1, 1, 0, 308, 135, 129),
('Jonny', 'Defender', 'Wolverhampton Wanderers', 2780, 33, 1, 1, 6, 0, 257, 237, 59),
('Jonny Evans', 'Defender', 'Leicester City', 1995, 24, 1, 0, 2, 0, 218, 320, 32),
('Jordan Ayew', 'Forward', 'Crystal Palace', 1186, 20, 1, 2, 3, 0, 182, 96, -1),
('Jordan Henderson', 'Midfielder', 'Liverpool', 1983, 32, 1, 3, 3, 1, 223, 102, -1),
('Jordan Pickford', 'Goalkeeper', 'Everton', 3420, 38, 0, 0, 1, 0, 409, 255, 57),
('Jordon Ibe', 'Midfielder', 'AFC Bournemouth', 795, 19, 1, 1, 1, 0, 148, 132, -1),
('Jorginho', 'Midfielder', 'Chelsea', 3165, 37, 2, 0, 8, 0, 212, 375, -1),
('José Diogo Dalot Teixeira', 'Defender', 'Manchester United', 1015, 16, 0, 2, 3, 0, 283, 83, 131),
('José Holebas', 'Defender', 'Watford', 2394, 28, 3, 6, 13, 1, 149, 50, 105),
('Jose Izquierdo', 'Forward', 'Brighton & Hove Albion', 794, 15, 0, 1, 1, 0, 265, 142, -1),
('José Luis Sanmartín Mato', 'Forward', 'Newcastle United', 586, 16, 2, 0, 1, 0, 61, 265, -1),
('Joseph Willock', 'Midfielder', 'Arsenal', 64, 2, 0, 0, 0, 0, -1, -1, -1),
('Josh Benson', 'Midfielder', 'Burnley', 0, 0, 0, 0, 0, 0, -1, -1, -1),
('Josh Knight', 'Defender', 'Leicester City', 0, 0, 0, 0, 0, 0, -1, -1, -1),
('Josh Murphy', 'Forward', 'Cardiff City', 1825, 29, 3, 2, 2, 0, 124, 150, -1),
('Joshua King', 'Forward', 'AFC Bournemouth', 2974, 35, 12, 3, 3, 0, 48, 158, -1),
('Joshua Sims', 'Midfielder', 'Southampton', 209, 7, 0, 1, 0, 0, -1, -1, -1),
('Juan Marcos Foyth', 'Defender', 'Tottenham Hotspur', 930, 12, 1, 0, 4, 1, 162, 334, 26),
('Juan Mata', 'Midfielder', 'Manchester United', 1294, 22, 3, 2, 3, 0, 92, 103, -1),
('Julián Speroni', 'Goalkeeper', 'Crystal Palace', 90, 1, 0, 0, 0, 0, -1, -1, -1),
('Juninho Bacuna', 'Midfielder', 'Huddersfield Town', 1414, 21, 1, 0, 4, 0, 215, 325, -1),
('Junior Stanislas', 'Midfielder', 'AFC Bournemouth', 1027, 23, 2, 3, 1, 0, 104, 35, -1),
('Jürgen Locadia', 'Forward', 'Brighton & Hove Albion', 1227, 26, 2, 0, 1, 0, 119, 281, -1),
('Kadeem Harris', 'Midfielder', 'Cardiff City', 366, 13, 1, 0, 1, 0, 79, 262, -1),
('Karl Darlow', 'Goalkeeper', 'Newcastle United', 0, 0, 0, 0, 0, 0, -1, -1, -1),
('Karlan Ahearne-Grant', 'Forward', 'Huddersfield Town', 874, 13, 4, 0, 0, 0, 32, 307, -1),
('Kasper Schmeichel', 'Goalkeeper', 'Leicester City', 3420, 38, 0, 0, 3, 0, 342, 302, 50),
('Kayne Ramsey', 'Midfielder', 'Southampton', 90, 1, 0, 0, 0, 0, -1, -1, -1),
('Kazaiah Sterling', 'Forward', 'Tottenham Hotspur', 0, 0, 0, 0, 0, 0, -1, -1, -1),
('Kelechi Iheanacho', 'Forward', 'Leicester City', 926, 30, 1, 3, 2, 0, 169, 24, -1),
('Kelland Watts', 'Midfielder', 'Newcastle United', 0, 0, 0, 0, 0, 0, -1, -1, -1),
('Ken Sema', 'Midfielder', 'Watford', 755, 17, 1, 2, 1, 0, 146, 46, -1),
('Kenneth Dahrup Zohorè', 'Forward', 'Cardiff City', 746, 19, 1, 1, 1, 0, 141, 128, -1),
('Kepa Arrizabalaga', 'Goalkeeper', 'Chelsea', 3240, 36, 0, 0, 2, 0, 364, 363, 38),
('Kevin De Bruyne', 'Midfielder', 'Manchester City', 974, 19, 2, 2, 2, 0, 110, 73, -1),
('Kevin Long', 'Defender', 'Burnley', 513, 6, 0, 1, 0, 0, 293, 72, 70),
('Kevin McDonald', 'Midfielder', 'Fulham', 842, 15, 0, 0, 6, 1, 317, 410, -1),
('Kieran Dowell', 'Midfielder', 'Everton', 0, 0, 0, 0, 0, 0, -1, -1, -1),
('Kieran Trippier', 'Defender', 'Tottenham Hotspur', 2278, 27, 1, 3, 2, 0, 239, 124, 19),
('Konstantinos Mavropanos', 'Defender', 'Arsenal', 150, 4, 0, 0, 1, 0, -1, -1, -1),
('Kortney Hause', 'Defender', 'Wolverhampton Wanderers', 0, 0, 0, 0, 0, 0, -1, -1, -1),
('Kurt Zouma', 'Defender', 'Everton', 2610, 32, 2, 2, 5, 1, 197, 185, 83),
('Kyle Taylor', 'Midfielder', 'AFC Bournemouth', 0, 0, 0, 0, 0, 0, -1, -1, -1),
('Kyle Walker', 'Defender', 'Manchester City', 2777, 33, 1, 1, 3, 0, 250, 248, 9),
('Kyle Walker-Peters', 'Defender', 'Tottenham Hotspur', 374, 6, 0, 3, 1, 0, 357, 1, 25),
('Laurent Depoitre', 'Forward', 'Huddersfield Town', 1059, 23, 0, 1, 1, 0, 331, 170, -1),
('Laurent Koscielny', 'Defender', 'Arsenal', 1328, 17, 3, 0, 1, 0, 93, 295, 103),
('Lazar Marković', 'Midfielder', 'Fulham', 44, 1, 0, 0, 0, 0, -1, -1, -1),
('Leander Dendoncker', 'Midfielder', 'Wolverhampton Wanderers', 1469, 19, 2, 0, 1, 0, 144, 331, -1),
('Leandro Bacuna', 'Midfielder', 'Cardiff City', 554, 11, 0, 0, 2, 0, 281, 309, -1),
('Lee Grant', 'Goalkeeper', 'Manchester United', 0, 0, 0, 0, 0, 0, -1, -1, -1),
('Lee Peltier', 'Defender', 'Cardiff City', 1542, 20, 0, 0, 4, 0, 352, 392, 72),
('Leighton Baines', 'Defender', 'Everton', 376, 6, 0, 0, 0, 0, 410, 287, 109),
('Leon Balogun', 'Defender', 'Brighton & Hove Albion', 591, 8, 1, 0, 2, 0, 121, 292, 97),
('Leonardo Bonatini Lohner Maia', 'Forward', 'Wolverhampton Wanderers', 128, 7, 0, 1, 0, 0, -1, -1, -1),
('Leroy Sané', 'Midfielder', 'Manchester City', 1867, 31, 10, 10, 1, 0, 20, 4, -1),
('Lewis Cass', 'Defender', 'Newcastle United', 0, 0, 0, 0, 0, 0, -1, -1, -1),
('Lewis Cook', 'Midfielder', 'AFC Bournemouth', 721, 13, 0, 0, 2, 0, 362, 394, -1),
('Lewis Dunk', 'Defender', 'Brighton & Hove Albion', 3153, 36, 2, 1, 7, 1, 208, 252, 120),
('Loïc Damour', 'Midfielder', 'Cardiff City', 21, 2, 0, 0, 0, 0, -1, -1, -1),
('Loris Karius', 'Goalkeeper', 'Liverpool', 0, 0, 0, 0, 0, 0, -1, -1, -1),
('Luca de la Torre', 'Midfielder', 'Fulham', 0, 0, 0, 0, 0, 0, -1, -1, -1),
('Lucas Digne', 'Defender', 'Everton', 2990, 35, 4, 4, 6, 1, 140, 122, 42),
('Lucas Perez', 'Forward', 'West Ham United', 468, 15, 3, 0, 0, 0, 10, 391, -1),
('Lucas Rodrigues Moura da Silva', 'Midfielder', 'Tottenham Hotspur', 2127, 32, 10, 0, 3, 0, 30, 279, -1),
('Lucas Torreira', 'Midfielder', 'Arsenal', 2377, 34, 2, 2, 8, 1, 184, 169, -1),
('Luciano Vietto', 'Forward', 'Fulham', 983, 20, 1, 4, 1, 0, 180, 11, -1),
('Luka Milivojević', 'Midfielder', 'Crystal Palace', 3420, 38, 12, 2, 10, 0, 58, 210, -1),
('Luke Amos', 'Midfielder', 'Tottenham Hotspur', 2, 1, 0, 0, 0, 0, -1, -1, -1),
('Luke Dreher', 'Midfielder', 'Crystal Palace', 0, 1, 0, 0, 0, 0, -1, -1, -1),
('Luke Shaw', 'Defender', 'Manchester United', 2592, 29, 1, 4, 11, 0, 262, 105, 77),
('Lys Mousset', 'Forward', 'AFC Bournemouth', 345, 24, 1, 0, 1, 0, 74, 336, -1),
('Maarten Stekelenburg', 'Goalkeeper', 'Everton', 0, 0, 0, 0, 0, 0, -1, -1, -1),
('Mamadou Sakho', 'Defender', 'Crystal Palace', 2417, 27, 0, 0, 2, 0, 322, 403, 64),
('Manolo Gabbiadini', 'Forward', 'Southampton', 470, 12, 1, 0, 0, 0, 100, 357, -1),
('Manuel Lanzini', 'Midfielder', 'West Ham United', 688, 10, 1, 1, 2, 0, 132, 111, -1),
('Marc Albrighton', 'Midfielder', 'Leicester City', 1626, 27, 2, 2, 3, 0, 154, 140, -1),
('Marc Guehi', 'Defender', 'Chelsea', 0, 0, 0, 0, 0, 0, -1, -1, -1),
('Marc Navarro Ceciliano', 'Defender', 'Watford', 84, 2, 0, 0, 0, 0, -1, -1, -1),
('Marc Pugh', 'Midfielder', 'AFC Bournemouth', 0, 0, 0, 0, 0, 0, -1, -1, -1),
('Marcos Alonso', 'Defender', 'Chelsea', 2761, 31, 2, 4, 6, 0, 199, 113, 22),
('Marcus Bettinelli', 'Goalkeeper', 'Fulham', 630, 7, 0, 0, 1, 0, 296, 283, 174),
('Marcus Rashford', 'Forward', 'Manchester United', 2362, 33, 10, 6, 4, 1, 39, 53, -1),
('Mario Lemina', 'Midfielder', 'Southampton', 1615, 21, 1, 1, 5, 0, 211, 195, -1),
('Mark Noble', 'Midfielder', 'West Ham United', 2308, 31, 5, 5, 7, 1, 96, 67, -1),
('Mark Travers', 'Goalkeeper', 'AFC Bournemouth', 180, 2, 0, 0, 0, 0, -1, -1, -1),
('Marko Arnautović', 'Forward', 'West Ham United', 2000, 28, 10, 4, 3, 0, 26, 76, -1),
('Markus Suttner', 'Defender', 'Brighton & Hove Albion', 0, 0, 0, 0, 0, 0, -1, -1, -1),
('Marouane Fellaini', 'Midfielder', 'Manchester United', 744, 14, 0, 1, 1, 0, 341, 129, -1),
('Martin Dúbravka', 'Goalkeeper', 'Newcastle United', 3420, 38, 0, 0, 1, 0, 345, 319, 58),
('Martin Kelly', 'Defender', 'Crystal Palace', 1110, 13, 0, 0, 2, 0, 326, 350, 110),
('Martín Montoya', 'Defender', 'Brighton & Hove Albion', 2166, 25, 0, 1, 4, 0, 294, 229, 128),
('Mason Greenwood', 'Midfielder', 'Manchester United', 115, 3, 0, 0, 0, 0, -1, -1, -1),
('Mason Holgate', 'Defender', 'Everton', 407, 5, 0, 0, 1, 0, 414, 390, 160),
('Matěj Vydra', 'Forward', 'Burnley', 311, 13, 1, 1, 1, 0, 66, 23, -1),
('Mateo Kovačić', 'Midfielder', 'Chelsea', 1743, 32, 0, 2, 3, 0, 291, 151, -1),
('Mathew Ryan', 'Goalkeeper', 'Brighton & Hove Albion', 3060, 34, 0, 0, 2, 0, 398, 389, 122),
('Mathias Jattah-Njie Jørgensen', 'Defender', 'Huddersfield Town', 2148, 24, 3, 1, 6, 0, 129, 235, 125),
('Matt Butcher', 'Midfielder', 'AFC Bournemouth', 0, 0, 0, 0, 0, 0, -1, -1, -1),
('Matt Doherty', 'Defender', 'Wolverhampton Wanderers', 3147, 38, 4, 5, 5, 0, 155, 100, 46),
('Matt Ritchie', 'Midfielder', 'Newcastle United', 2940, 36, 2, 8, 9, 0, 213, 45, -1),
('Matt Targett', 'Defender', 'Southampton', 1185, 16, 1, 3, 2, 0, 189, 52, 151),
('Matteo Darmian', 'Defender', 'Manchester United', 443, 6, 0, 0, 0, 0, 411, 280, 102),
('Mattéo Guendouzi Olié', 'Midfielder', 'Arsenal', 2143, 33, 0, 0, 9, 0, 386, 405, -1),
('Matthew Connolly', 'Defender', 'Cardiff City', 0, 0, 0, 0, 0, 0, -1, -1, -1),
('Matthew Lowton', 'Defender', 'Burnley', 1748, 21, 0, 0, 7, 0, 378, 342, 150),
('Matty Daly', 'Midfielder', 'Huddersfield Town', 73, 2, 0, 0, 0, 0, -1, -1, -1),
('Max Harrison Sanders', 'Midfielder', 'Brighton & Hove Albion', 0, 0, 0, 0, 0, 0, -1, -1, -1),
('Max Kilman', 'Defender', 'Wolverhampton Wanderers', 0, 1, 0, 0, 0, 0, -1, -1, -1),
('Max Meyer', 'Midfielder', 'Crystal Palace', 1414, 29, 1, 2, 3, 0, 209, 110, -1),
('Maxime Le Marchand', 'Defender', 'Fulham', 2251, 26, 0, 1, 5, 0, 314, 219, 162),
('Maya Yoshida', 'Defender', 'Southampton', 1520, 17, 0, 1, 0, 0, 271, 191, 133),
('Mesut Özil', 'Midfielder', 'Arsenal', 1741, 24, 5, 2, 2, 0, 73, 148, -1),
('Michael Keane', 'Defender', 'Everton', 2970, 33, 1, 2, 2, 0, 251, 196, 49),
('Michael Obafemi', 'Forward', 'Southampton', 134, 6, 1, 1, 1, 0, -1, -1, -1),
('Michail Antonio', 'Midfielder', 'West Ham United', 2099, 33, 6, 4, 3, 0, 76, 86, -1),
('Michel Vorm', 'Goalkeeper', 'Tottenham Hotspur', 180, 2, 0, 0, 0, 0, -1, -1, -1),
('Michy Batshuayi', 'Forward', 'Crystal Palace', 756, 11, 5, 0, 0, 0, 8, 308, -1),
('Miguel Ángel Almirón Rejala', 'Midfielder', 'Newcastle United', 763, 10, 0, 0, 0, 0, 282, 311, -1),
('Miguel Ángel Britos Cabrera', 'Defender', 'Watford', 185, 3, 0, 0, 0, 0, -1, -1, -1),
('Mohamed Diamé', 'Midfielder', 'Newcastle United', 2165, 29, 0, 0, 3, 0, 348, 267, -1),
('Mohamed Elneny', 'Midfielder', 'Arsenal', 381, 8, 0, 0, 0, 0, 388, 409, -1),
('Mohamed Elyounoussi', 'Midfielder', 'Southampton', 790, 16, 0, 0, 0, 0, 375, 368, -1),
('Mohamed Salah', 'Forward', 'Liverpool', 3262, 38, 22, 8, 1, 0, 7, 57, -1),
('Morgan Gibbs-White', 'Midfielder', 'Wolverhampton Wanderers', 647, 26, 0, 1, 1, 0, 408, 107, -1),
('Morgan Schneiderlin', 'Midfielder', 'Everton', 833, 14, 0, 1, 2, 0, 412, 133, -1),
('Moussa Dembele', 'Midfielder', 'Tottenham Hotspur', 516, 10, 0, 0, 1, 0, 355, 277, -1),
('Moussa Sissoko', 'Midfielder', 'Tottenham Hotspur', 2336, 29, 0, 3, 2, 0, 354, 123, -1),
('N\'Golo Kanté', 'Midfielder', 'Chelsea', 3096, 36, 4, 4, 3, 0, 143, 121, -1),
('Naby Deco Keïta', 'Midfielder', 'Liverpool', 1392, 25, 2, 1, 0, 0, 135, 190, -1),
('Nacho Monreal', 'Defender', 'Arsenal', 1861, 22, 1, 3, 5, 0, 226, 98, 36),
('Nampalys Mendy', 'Midfielder', 'Leicester City', 2088, 31, 0, 0, 5, 0, 288, 337, -1),
('Nathan Aké', 'Defender', 'AFC Bournemouth', 3412, 38, 4, 0, 3, 0, 156, 293, 148),
('Nathan Holland', 'Midfielder', 'West Ham United', 0, 0, 0, 0, 0, 0, -1, -1, -1),
('Nathan Redmond', 'Midfielder', 'Southampton', 3276, 38, 6, 4, 3, 0, 116, 141, -1),
('Nathaniel Chalobah', 'Midfielder', 'Watford', 266, 9, 0, 0, 2, 0, -1, -1, -1),
('Nathaniel Clyne', 'Defender', 'AFC Bournemouth', 1254, 18, 0, 1, 2, 0, 392, 180, 146),
('Nathaniel Mendez-Laing', 'Midfielder', 'Cardiff City', 984, 20, 4, 1, 0, 0, 45, 157, -1),
('Neeskens Kebano', 'Midfielder', 'Fulham', 103, 7, 0, 0, 0, 0, -1, -1, -1),
('Neil Leonard Dula Etheridge', 'Goalkeeper', 'Cardiff City', 3420, 38, 0, 0, 2, 0, 363, 393, 134),
('Nemanja Matić', 'Midfielder', 'Manchester United', 2441, 28, 1, 0, 8, 1, 234, 257, -1),
('Nicolas Otamendi', 'Defender', 'Manchester City', 1233, 18, 0, 0, 1, 0, 273, 385, 5),
('Nikola Tavares', 'Defender', 'Crystal Palace', 0, 0, 0, 0, 0, 0, -1, -1, -1),
('Nnamdi Ofoborh', 'Midfielder', 'AFC Bournemouth', 0, 0, 0, 0, 0, 0, -1, -1, -1),
('Oleksandr Zinchenko', 'Midfielder', 'Manchester City', 1153, 14, 0, 3, 1, 0, 284, 51, -1),
('Oliver Skipp', 'Midfielder', 'Tottenham Hotspur', 216, 8, 0, 0, 0, 0, -1, -1, -1),
('Olivier Giroud', 'Forward', 'Chelsea', 832, 27, 2, 4, 1, 0, 86, 7, -1),
('Onyinye Wilfred Ndidi', 'Midfielder', 'Leicester City', 3299, 38, 2, 0, 8, 0, 222, 332, -1),
('Oriol Romeu', 'Midfielder', 'Southampton', 2140, 31, 1, 0, 11, 0, 236, 371, -1),
('Oumar Niasse', 'Forward', 'Cardiff City', 998, 18, 0, 0, 0, 0, 415, 388, -1),
('Pablo Zabaleta', 'Defender', 'West Ham United', 2092, 26, 0, 1, 4, 0, 370, 223, 99),
('Pape N\'Diaye Souaré', 'Defender', 'Crystal Palace', 0, 1, 0, 0, 0, 0, -1, -1, -1),
('Pascal Groß', 'Midfielder', 'Brighton & Hove Albion', 1878, 25, 3, 3, 1, 0, 126, 104, -1),
('Patrick van Aanholt', 'Defender', 'Crystal Palace', 3198, 36, 3, 2, 3, 0, 186, 199, 53),
('Paul Dummett', 'Defender', 'Newcastle United', 1986, 26, 0, 0, 1, 0, 347, 269, 69),
('Paul Pogba', 'Midfielder', 'Manchester United', 3011, 35, 13, 9, 6, 0, 36, 30, -1),
('Paulo Dino Gazzaniga', 'Goalkeeper', 'Tottenham Hotspur', 270, 3, 0, 0, 0, 0, -1, -1, -1),
('Pedro Obiang', 'Midfielder', 'West Ham United', 1121, 24, 0, 1, 0, 0, 371, 171, -1),
('Pedro Rodriguez', 'Midfielder', 'Chelsea', 1780, 31, 8, 2, 2, 0, 35, 149, -1),
('Peter Crouch', 'Forward', 'Burnley', 86, 6, 0, 0, 1, 0, -1, -1, -1),
('Petr Čech', 'Goalkeeper', 'Arsenal', 585, 7, 0, 0, 0, 0, 384, 377, 71),
('Phil Bardsley', 'Defender', 'Burnley', 1672, 19, 0, 0, 9, 0, 383, 355, 62),
('Phil Jagielka', 'Defender', 'Everton', 329, 7, 1, 0, 1, 1, 71, 272, 10),
('Phil Jones', 'Defender', 'Manchester United', 1263, 18, 0, 1, 1, 0, 299, 189, 51),
('Philip Billing', 'Midfielder', 'Huddersfield Town', 2192, 27, 2, 0, 7, 0, 190, 372, -1),
('Philip Foden', 'Midfielder', 'Manchester City', 327, 13, 1, 0, 0, 0, 67, 386, -1),
('Philippe Sandler', 'Defender', 'Manchester City', 0, 0, 0, 0, 0, 0, -1, -1, -1),
('Pierre-Emerick Aubameyang', 'Forward', 'Arsenal', 2731, 36, 22, 5, 0, 0, 3, 88, -1),
('Pierre-Emile Højbjerg', 'Midfielder', 'Southampton', 2764, 31, 4, 3, 10, 2, 138, 147, -1),
('Rachid Ghezzal', 'Forward', 'Leicester City', 738, 19, 1, 0, 3, 0, 142, 323, -1),
('Rafael Euclides Soares Camacho', 'Midfielder', 'Liverpool', 0, 1, 0, 0, 0, 0, -1, -1, -1),
('Raheem Sterling', 'Forward', 'Manchester City', 2777, 34, 17, 10, 3, 0, 11, 14, -1),
('Rajiv van La Parra', 'Midfielder', 'Huddersfield Town', 407, 5, 0, 0, 0, 0, 335, 396, -1),
('Ramadan Sobhi', 'Forward', 'Huddersfield Town', 75, 4, 0, 0, 0, 0, -1, -1, -1),
('Raúl Alonso Jiménez Rodríguez', 'Forward', 'Wolverhampton Wanderers', 3124, 38, 13, 7, 4, 0, 42, 63, -1),
('Rhys Healey', 'Forward', 'Cardiff City', 49, 3, 0, 0, 0, 0, -1, -1, -1),
('Ricardo Domingos Barbosa Pereira', 'Defender', 'Leicester City', 3125, 35, 2, 6, 7, 0, 214, 85, 52),
('Richarlison de Andrade', 'Forward', 'Everton', 2679, 35, 13, 1, 6, 1, 28, 250, -1),
('Riyad Mahrez', 'Midfielder', 'Manchester City', 1339, 27, 7, 4, 0, 0, 23, 32, -1),
('Rob Holding', 'Defender', 'Arsenal', 807, 10, 0, 0, 1, 0, 389, 411, 47),
('Robbie Brady', 'Midfielder', 'Burnley', 715, 16, 0, 1, 4, 1, 268, 108, -1),
('Robert Kenedy Nunes do Nascimento', 'Midfielder', 'Newcastle United', 1344, 25, 1, 1, 1, 0, 191, 184, -1),
('Robert Snodgrass', 'Midfielder', 'West Ham United', 2222, 33, 2, 5, 10, 0, 183, 66, -1),
('Roberto Firmino', 'Forward', 'Liverpool', 2620, 34, 12, 6, 0, 0, 31, 61, -1),
('Roberto Maximiliano Pereyra', 'Forward', 'Watford', 2825, 33, 6, 1, 3, 0, 97, 251, -1),
('Romain Saïss', 'Midfielder', 'Wolverhampton Wanderers', 1144, 19, 2, 0, 7, 0, 115, 264, -1),
('Romelu Lukaku', 'Forward', 'Manchester United', 2130, 32, 12, 0, 4, 0, 16, 305, -1),
('Rondon', 'Forward', 'Newcastle United', 2609, 32, 11, 7, 1, 0, 40, 43, -1),
('Ross Barkley', 'Midfielder', 'Chelsea', 1241, 27, 3, 5, 1, 0, 84, 12, -1),
('Rúben Diogo Da Silva Neves', 'Midfielder', 'Wolverhampton Wanderers', 3009, 35, 4, 3, 8, 0, 145, 162, -1),
('Rúben Gonçalo Silva Nascimento Vinagre', 'Defender', 'Wolverhampton Wanderers', 703, 17, 0, 0, 1, 0, 406, 322, 54),
('Ruben Loftus-Cheek', 'Midfielder', 'Chelsea', 983, 24, 6, 2, 0, 0, 13, 78, -1),
('Rui Pedro dos Santos Patrício', 'Goalkeeper', 'Wolverhampton Wanderers', 3330, 37, 0, 0, 0, 0, 405, 328, 56),
('Ryan Bennett', 'Defender', 'Wolverhampton Wanderers', 3060, 34, 1, 0, 12, 0, 256, 304, 40),
('Ryan Bertrand', 'Defender', 'Southampton', 2160, 24, 1, 0, 8, 0, 244, 366, 117),
('Ryan Fraser', 'Midfielder', 'AFC Bournemouth', 3173, 38, 7, 14, 2, 0, 95, 9, -1),
('Ryan Fredericks', 'Midfielder', 'West Ham United', 1085, 15, 1, 0, 5, 0, 185, 340, -1),
('Ryan Giles', 'Midfielder', 'Wolverhampton Wanderers', 0, 0, 0, 0, 0, 0, -1, -1, -1),
('Ryan Guno Babel', 'Forward', 'Fulham', 1260, 16, 5, 3, 3, 0, 49, 62, -1),
('Ryan Schofield', 'Goalkeeper', 'Huddersfield Town', 0, 0, 0, 0, 0, 0, -1, -1, -1),
('Ryan Sessegnon', 'Defender', 'Fulham', 2298, 35, 2, 6, 0, 0, 187, 49, 168),
('Sadio Mané', 'Forward', 'Liverpool', 3086, 36, 22, 1, 2, 0, 4, 249, -1),
('Sam Gallagher', 'Forward', 'Southampton', 30, 4, 0, 0, 0, 0, -1, -1, -1),
('Sam Surridge', 'Forward', 'AFC Bournemouth', 11, 2, 0, 0, 0, 0, -1, -1, -1),
('Sam Vokes', 'Forward', 'Burnley', 913, 20, 3, 0, 0, 0, 64, 351, -1),
('Sam Woods', 'Defender', 'Crystal Palace', 0, 0, 0, 0, 0, 0, -1, -1, -1),
('Samir Nasri', 'Midfielder', 'West Ham United', 246, 5, 0, 2, 0, 0, -1, -1, -1),
('Sandro Ramirez', 'Forward', 'Everton', 0, 0, 0, 0, 0, 0, -1, -1, -1);

-- --------------------------------------------------------

--
-- Δομή πίνακα για τον πίνακα `teams`
--

DROP TABLE IF EXISTS `teams`;
CREATE TABLE `teams` (
  `Name` varchar(30) NOT NULL,
  `Wins` int(11) NOT NULL,
  `Draws` int(11) NOT NULL,
  `Losses` int(11) NOT NULL,
  `Position` int(11) NOT NULL,
  `Scored` int(11) NOT NULL,
  `Conceded` int(11) NOT NULL,
  `Cards` int(11) NOT NULL,
  `OnTarget` int(11) NOT NULL,
  `OffTarget` int(11) NOT NULL,
  `HalfScored` int(11) NOT NULL,
  `HalfConceded` int(11) NOT NULL
) ENGINE=InnoDB DEFAULT CHARSET=utf8mb4;

--
-- Άδειασμα δεδομένων του πίνακα `teams`
--

INSERT INTO `teams` (`Name`, `Wins`, `Draws`, `Losses`, `Position`, `Scored`, `Conceded`, `Cards`, `OnTarget`, `OffTarget`, `HalfScored`, `HalfConceded`) VALUES
('AFC Bournemouth', 13, 6, 19, 14, 56, 70, 62, 154, 156, 28, 33),
('Arsenal', 21, 7, 10, 5, 73, 51, 76, 160, 172, 28, 28),
('Brighton & Hove Albion', 9, 9, 20, 17, 35, 60, 68, 122, 172, 17, 26),
('Burnley', 11, 7, 20, 15, 45, 68, 77, 118, 149, 24, 29),
('Cardiff City', 10, 4, 24, 18, 34, 69, 68, 140, 180, 11, 30),
('Chelsea', 21, 9, 8, 3, 63, 39, 49, 197, 226, 27, 17),
('Crystal Palace', 14, 7, 17, 12, 51, 53, 62, 151, 196, 20, 13),
('Everton', 15, 9, 14, 8, 54, 46, 63, 160, 156, 25, 17),
('Fulham', 7, 5, 26, 19, 34, 81, 72, 172, 168, 15, 41),
('Huddersfield Town', 3, 7, 28, 20, 22, 76, 63, 154, 167, 11, 38),
('Leicester City', 15, 7, 16, 9, 51, 48, 67, 194, 180, 15, 27),
('Liverpool', 30, 7, 1, 2, 89, 22, 41, 199, 199, 38, 10),
('Manchester City', 32, 2, 4, 1, 95, 23, 46, 231, 220, 49, 11),
('Manchester United', 19, 9, 10, 6, 65, 54, 81, 198, 157, 35, 23),
('Newcastle United', 12, 9, 17, 13, 42, 48, 61, 181, 165, 23, 20),
('Southampton', 9, 12, 17, 16, 45, 65, 77, 180, 161, 22, 30),
('Tottenham Hotspur', 23, 2, 13, 4, 67, 39, 62, 190, 202, 31, 11),
('Watford', 14, 8, 16, 11, 52, 59, 85, 142, 163, 18, 26),
('West Ham United', 15, 7, 16, 10, 52, 55, 61, 159, 158, 22, 24),
('Wolverhampton Wanderers', 16, 9, 13, 7, 47, 46, 74, 150, 195, 17, 22);

--
-- Ευρετήρια για άχρηστους πίνακες
--

--
-- Ευρετήρια για πίνακα `matches`
--
ALTER TABLE `matches`
  ADD PRIMARY KEY (`id`),
  ADD KEY `Home` (`Home`),
  ADD KEY `Away` (`Away`);

--
-- Ευρετήρια για πίνακα `players`
--
ALTER TABLE `players`
  ADD PRIMARY KEY (`Name`),
  ADD KEY `Team` (`Team`);

--
-- Ευρετήρια για πίνακα `teams`
--
ALTER TABLE `teams`
  ADD PRIMARY KEY (`Name`);

--
-- Περιορισμοί για άχρηστους πίνακες
--

--
-- Περιορισμοί για πίνακα `matches`
--
ALTER TABLE `matches`
  ADD CONSTRAINT `matches_ibfk_1` FOREIGN KEY (`Home`) REFERENCES `teams` (`Name`),
  ADD CONSTRAINT `matches_ibfk_2` FOREIGN KEY (`Away`) REFERENCES `teams` (`Name`);

--
-- Περιορισμοί για πίνακα `players`
--
ALTER TABLE `players`
  ADD CONSTRAINT `players_ibfk_1` FOREIGN KEY (`Team`) REFERENCES `teams` (`Name`);
COMMIT;

/*!40101 SET CHARACTER_SET_CLIENT=@OLD_CHARACTER_SET_CLIENT */;
/*!40101 SET CHARACTER_SET_RESULTS=@OLD_CHARACTER_SET_RESULTS */;
/*!40101 SET COLLATION_CONNECTION=@OLD_COLLATION_CONNECTION */;
